-- (1)
insert into SYSTEM.ADVERTISEMENT (ADID, HOURSTOWRITE, ADNAME)
values (1, 17, 'Fanta2');

insert into SYSTEM.ADVERTISEMENT (ADID, HOURSTOWRITE, ADNAME)
values (2, 14, 'Kinley1');

insert into SYSTEM.ADVERTISEMENT (ADID, HOURSTOWRITE, ADNAME)
values (3, 37, 'Kinley2');

insert into SYSTEM.ADVERTISEMENT (ADID, HOURSTOWRITE, ADNAME)
values (4, 6, 'Kinley1');

insert into SYSTEM.ADVERTISEMENT (ADID, HOURSTOWRITE, ADNAME)
values (5, 7, 'Fanta1');

insert into SYSTEM.ADVERTISEMENT (ADID, HOURSTOWRITE, ADNAME)
values (6, 39, 'Coca_cola1');

insert into SYSTEM.ADVERTISEMENT (ADID, HOURSTOWRITE, ADNAME)
values (7, 23, 'Sprite1');

insert into SYSTEM.ADVERTISEMENT (ADID, HOURSTOWRITE, ADNAME)
values (8, 18, 'Kinley1');

insert into SYSTEM.ADVERTISEMENT (ADID, HOURSTOWRITE, ADNAME)
values (9, 35, 'Coca_cola1');

insert into SYSTEM.ADVERTISEMENT (ADID, HOURSTOWRITE, ADNAME)
values (10, 36, 'Coca_cola1');

insert into SYSTEM.ADVERTISEMENT (ADID, HOURSTOWRITE, ADNAME)
values (11, 7, 'Kinley2');

insert into SYSTEM.ADVERTISEMENT (ADID, HOURSTOWRITE, ADNAME)
values (12, 12, 'Sprite1');

insert into SYSTEM.ADVERTISEMENT (ADID, HOURSTOWRITE, ADNAME)
values (13, 32, 'Fanta1');

insert into SYSTEM.ADVERTISEMENT (ADID, HOURSTOWRITE, ADNAME)
values (14, 6, 'Coca_cola1');

insert into SYSTEM.ADVERTISEMENT (ADID, HOURSTOWRITE, ADNAME)
values (15, 7, 'Fanta1');

insert into SYSTEM.ADVERTISEMENT (ADID, HOURSTOWRITE, ADNAME)
values (16, 22, 'Sprite1');

insert into SYSTEM.ADVERTISEMENT (ADID, HOURSTOWRITE, ADNAME)
values (17, 15, 'Coca_cola1');

insert into SYSTEM.ADVERTISEMENT (ADID, HOURSTOWRITE, ADNAME)
values (18, 34, 'Shweps1');

insert into SYSTEM.ADVERTISEMENT (ADID, HOURSTOWRITE, ADNAME)
values (19, 39, 'Shweps1');

insert into SYSTEM.ADVERTISEMENT (ADID, HOURSTOWRITE, ADNAME)
values (20, 31, 'Fanta1');

insert into SYSTEM.ADVERTISEMENT (ADID, HOURSTOWRITE, ADNAME)
values (21, 29, 'Kinley2');

insert into SYSTEM.ADVERTISEMENT (ADID, HOURSTOWRITE, ADNAME)
values (22, 17, 'Kinley1');

insert into SYSTEM.ADVERTISEMENT (ADID, HOURSTOWRITE, ADNAME)
values (23, 36, 'Sprite1');

insert into SYSTEM.ADVERTISEMENT (ADID, HOURSTOWRITE, ADNAME)
values (24, 18, 'Coca_cola1');

insert into SYSTEM.ADVERTISEMENT (ADID, HOURSTOWRITE, ADNAME)
values (25, 23, 'Coca_cola2');

insert into SYSTEM.ADVERTISEMENT (ADID, HOURSTOWRITE, ADNAME)
values (26, 22, 'Coca_cola1');

insert into SYSTEM.ADVERTISEMENT (ADID, HOURSTOWRITE, ADNAME)
values (27, 16, 'Sprite2');

insert into SYSTEM.ADVERTISEMENT (ADID, HOURSTOWRITE, ADNAME)
values (28, 26, 'Kinley2');

insert into SYSTEM.ADVERTISEMENT (ADID, HOURSTOWRITE, ADNAME)
values (29, 39, 'Coca_cola2');

insert into SYSTEM.ADVERTISEMENT (ADID, HOURSTOWRITE, ADNAME)
values (30, 37, 'Fanta1');

insert into SYSTEM.ADVERTISEMENT (ADID, HOURSTOWRITE, ADNAME)
values (31, 23, 'Sprite2');

insert into SYSTEM.ADVERTISEMENT (ADID, HOURSTOWRITE, ADNAME)
values (32, 20, 'Coca_cola2');

insert into SYSTEM.ADVERTISEMENT (ADID, HOURSTOWRITE, ADNAME)
values (33, 35, 'Kinley1');

insert into SYSTEM.ADVERTISEMENT (ADID, HOURSTOWRITE, ADNAME)
values (34, 30, 'Kinley2');

insert into SYSTEM.ADVERTISEMENT (ADID, HOURSTOWRITE, ADNAME)
values (35, 34, 'Coca_cola2');

insert into SYSTEM.ADVERTISEMENT (ADID, HOURSTOWRITE, ADNAME)
values (36, 8, 'Fanta2');

insert into SYSTEM.ADVERTISEMENT (ADID, HOURSTOWRITE, ADNAME)
values (37, 28, 'Kinley2');

insert into SYSTEM.ADVERTISEMENT (ADID, HOURSTOWRITE, ADNAME)
values (38, 9, 'Sprite2');

insert into SYSTEM.ADVERTISEMENT (ADID, HOURSTOWRITE, ADNAME)
values (39, 28, 'Fanta2');

insert into SYSTEM.ADVERTISEMENT (ADID, HOURSTOWRITE, ADNAME)
values (40, 30, 'Fanta1');

insert into SYSTEM.ADVERTISEMENT (ADID, HOURSTOWRITE, ADNAME)
values (41, 10, 'Coca_cola1');

insert into SYSTEM.ADVERTISEMENT (ADID, HOURSTOWRITE, ADNAME)
values (42, 27, 'Fanta2');

insert into SYSTEM.ADVERTISEMENT (ADID, HOURSTOWRITE, ADNAME)
values (43, 21, 'Kinley1');

insert into SYSTEM.ADVERTISEMENT (ADID, HOURSTOWRITE, ADNAME)
values (44, 21, 'Kinley2');

insert into SYSTEM.ADVERTISEMENT (ADID, HOURSTOWRITE, ADNAME)
values (45, 5, 'Shweps2');

insert into SYSTEM.ADVERTISEMENT (ADID, HOURSTOWRITE, ADNAME)
values (46, 20, 'Sprite1');

insert into SYSTEM.ADVERTISEMENT (ADID, HOURSTOWRITE, ADNAME)
values (47, 15, 'Coca_cola2');

insert into SYSTEM.ADVERTISEMENT (ADID, HOURSTOWRITE, ADNAME)
values (48, 28, 'Shweps2');

insert into SYSTEM.ADVERTISEMENT (ADID, HOURSTOWRITE, ADNAME)
values (49, 6, 'Shweps1');

insert into SYSTEM.ADVERTISEMENT (ADID, HOURSTOWRITE, ADNAME)
values (50, 12, 'Shweps1');

insert into SYSTEM.ADVERTISEMENT (ADID, HOURSTOWRITE, ADNAME)
values (51, 23, 'Sprite1');

insert into SYSTEM.ADVERTISEMENT (ADID, HOURSTOWRITE, ADNAME)
values (52, 28, 'Shweps1');

insert into SYSTEM.ADVERTISEMENT (ADID, HOURSTOWRITE, ADNAME)
values (53, 22, 'Coca_cola1');

insert into SYSTEM.ADVERTISEMENT (ADID, HOURSTOWRITE, ADNAME)
values (54, 6, 'Kinley1');

insert into SYSTEM.ADVERTISEMENT (ADID, HOURSTOWRITE, ADNAME)
values (55, 37, 'Coca_cola2');

insert into SYSTEM.ADVERTISEMENT (ADID, HOURSTOWRITE, ADNAME)
values (56, 29, 'Fanta2');

insert into SYSTEM.ADVERTISEMENT (ADID, HOURSTOWRITE, ADNAME)
values (57, 39, 'Coca_cola2');

insert into SYSTEM.ADVERTISEMENT (ADID, HOURSTOWRITE, ADNAME)
values (58, 40, 'Fanta2');

insert into SYSTEM.ADVERTISEMENT (ADID, HOURSTOWRITE, ADNAME)
values (59, 37, 'Coca_cola1');

insert into SYSTEM.ADVERTISEMENT (ADID, HOURSTOWRITE, ADNAME)
values (60, 8, 'Coca_cola2');

insert into SYSTEM.ADVERTISEMENT (ADID, HOURSTOWRITE, ADNAME)
values (61, 9, 'Sprite1');

insert into SYSTEM.ADVERTISEMENT (ADID, HOURSTOWRITE, ADNAME)
values (62, 25, 'Shweps2');

insert into SYSTEM.ADVERTISEMENT (ADID, HOURSTOWRITE, ADNAME)
values (63, 25, 'Shweps1');

insert into SYSTEM.ADVERTISEMENT (ADID, HOURSTOWRITE, ADNAME)
values (64, 40, 'Coca_cola2');

insert into SYSTEM.ADVERTISEMENT (ADID, HOURSTOWRITE, ADNAME)
values (65, 22, 'Sprite2');

insert into SYSTEM.ADVERTISEMENT (ADID, HOURSTOWRITE, ADNAME)
values (66, 35, 'Sprite1');

insert into SYSTEM.ADVERTISEMENT (ADID, HOURSTOWRITE, ADNAME)
values (67, 14, 'Fanta1');

insert into SYSTEM.ADVERTISEMENT (ADID, HOURSTOWRITE, ADNAME)
values (68, 9, 'Coca_cola2');

insert into SYSTEM.ADVERTISEMENT (ADID, HOURSTOWRITE, ADNAME)
values (69, 27, 'Shweps2');

insert into SYSTEM.ADVERTISEMENT (ADID, HOURSTOWRITE, ADNAME)
values (70, 31, 'Fanta2');

insert into SYSTEM.ADVERTISEMENT (ADID, HOURSTOWRITE, ADNAME)
values (71, 15, 'Fanta1');

insert into SYSTEM.ADVERTISEMENT (ADID, HOURSTOWRITE, ADNAME)
values (72, 10, 'Shweps1');

insert into SYSTEM.ADVERTISEMENT (ADID, HOURSTOWRITE, ADNAME)
values (73, 22, 'Coca_cola2');

insert into SYSTEM.ADVERTISEMENT (ADID, HOURSTOWRITE, ADNAME)
values (74, 25, 'Sprite1');

insert into SYSTEM.ADVERTISEMENT (ADID, HOURSTOWRITE, ADNAME)
values (75, 12, 'Kinley2');

insert into SYSTEM.ADVERTISEMENT (ADID, HOURSTOWRITE, ADNAME)
values (76, 40, 'Kinley1');

insert into SYSTEM.ADVERTISEMENT (ADID, HOURSTOWRITE, ADNAME)
values (77, 23, 'Coca_cola2');

insert into SYSTEM.ADVERTISEMENT (ADID, HOURSTOWRITE, ADNAME)
values (78, 7, 'Kinley1');

insert into SYSTEM.ADVERTISEMENT (ADID, HOURSTOWRITE, ADNAME)
values (79, 8, 'Sprite1');

insert into SYSTEM.ADVERTISEMENT (ADID, HOURSTOWRITE, ADNAME)
values (80, 35, 'Fanta1');

insert into SYSTEM.ADVERTISEMENT (ADID, HOURSTOWRITE, ADNAME)
values (81, 15, 'Fanta1');

insert into SYSTEM.ADVERTISEMENT (ADID, HOURSTOWRITE, ADNAME)
values (82, 25, 'Fanta1');

insert into SYSTEM.ADVERTISEMENT (ADID, HOURSTOWRITE, ADNAME)
values (83, 23, 'Coca_cola2');

insert into SYSTEM.ADVERTISEMENT (ADID, HOURSTOWRITE, ADNAME)
values (84, 14, 'Shweps2');

insert into SYSTEM.ADVERTISEMENT (ADID, HOURSTOWRITE, ADNAME)
values (85, 19, 'Sprite1');

insert into SYSTEM.ADVERTISEMENT (ADID, HOURSTOWRITE, ADNAME)
values (86, 26, 'Kinley2');

insert into SYSTEM.ADVERTISEMENT (ADID, HOURSTOWRITE, ADNAME)
values (87, 15, 'Kinley2');

insert into SYSTEM.ADVERTISEMENT (ADID, HOURSTOWRITE, ADNAME)
values (88, 24, 'Fanta2');

insert into SYSTEM.ADVERTISEMENT (ADID, HOURSTOWRITE, ADNAME)
values (89, 35, 'Shweps2');

insert into SYSTEM.ADVERTISEMENT (ADID, HOURSTOWRITE, ADNAME)
values (90, 28, 'Shweps2');

insert into SYSTEM.ADVERTISEMENT (ADID, HOURSTOWRITE, ADNAME)
values (91, 12, 'Coca_cola2');

insert into SYSTEM.ADVERTISEMENT (ADID, HOURSTOWRITE, ADNAME)
values (92, 29, 'Fanta2');

insert into SYSTEM.ADVERTISEMENT (ADID, HOURSTOWRITE, ADNAME)
values (93, 13, 'Fanta1');

insert into SYSTEM.ADVERTISEMENT (ADID, HOURSTOWRITE, ADNAME)
values (94, 23, 'Shweps2');

insert into SYSTEM.ADVERTISEMENT (ADID, HOURSTOWRITE, ADNAME)
values (95, 22, 'Coca_cola1');

insert into SYSTEM.ADVERTISEMENT (ADID, HOURSTOWRITE, ADNAME)
values (96, 12, 'Fanta1');

insert into SYSTEM.ADVERTISEMENT (ADID, HOURSTOWRITE, ADNAME)
values (97, 40, 'Shweps1');

insert into SYSTEM.ADVERTISEMENT (ADID, HOURSTOWRITE, ADNAME)
values (98, 26, 'Shweps1');

insert into SYSTEM.ADVERTISEMENT (ADID, HOURSTOWRITE, ADNAME)
values (99, 37, 'Fanta1');

insert into SYSTEM.ADVERTISEMENT (ADID, HOURSTOWRITE, ADNAME)
values (100, 34, 'Shweps1');

insert into SYSTEM.ADVERTISEMENT (ADID, HOURSTOWRITE, ADNAME)
values (101, 13, 'Kinley2');

insert into SYSTEM.ADVERTISEMENT (ADID, HOURSTOWRITE, ADNAME)
values (102, 36, 'Coca_cola1');

insert into SYSTEM.ADVERTISEMENT (ADID, HOURSTOWRITE, ADNAME)
values (103, 5, 'Kinley2');

insert into SYSTEM.ADVERTISEMENT (ADID, HOURSTOWRITE, ADNAME)
values (104, 39, 'Shweps1');

insert into SYSTEM.ADVERTISEMENT (ADID, HOURSTOWRITE, ADNAME)
values (105, 23, 'Coca_cola1');

insert into SYSTEM.ADVERTISEMENT (ADID, HOURSTOWRITE, ADNAME)
values (106, 38, 'Kinley1');

insert into SYSTEM.ADVERTISEMENT (ADID, HOURSTOWRITE, ADNAME)
values (107, 36, 'Fanta1');

insert into SYSTEM.ADVERTISEMENT (ADID, HOURSTOWRITE, ADNAME)
values (108, 33, 'Coca_cola2');

insert into SYSTEM.ADVERTISEMENT (ADID, HOURSTOWRITE, ADNAME)
values (109, 18, 'Kinley2');

insert into SYSTEM.ADVERTISEMENT (ADID, HOURSTOWRITE, ADNAME)
values (110, 16, 'Sprite1');

insert into SYSTEM.ADVERTISEMENT (ADID, HOURSTOWRITE, ADNAME)
values (111, 38, 'Sprite2');

insert into SYSTEM.ADVERTISEMENT (ADID, HOURSTOWRITE, ADNAME)
values (112, 29, 'Fanta2');

insert into SYSTEM.ADVERTISEMENT (ADID, HOURSTOWRITE, ADNAME)
values (113, 24, 'Kinley1');

insert into SYSTEM.ADVERTISEMENT (ADID, HOURSTOWRITE, ADNAME)
values (114, 23, 'Sprite2');

insert into SYSTEM.ADVERTISEMENT (ADID, HOURSTOWRITE, ADNAME)
values (115, 15, 'Fanta2');

insert into SYSTEM.ADVERTISEMENT (ADID, HOURSTOWRITE, ADNAME)
values (116, 33, 'Fanta1');

insert into SYSTEM.ADVERTISEMENT (ADID, HOURSTOWRITE, ADNAME)
values (117, 17, 'Sprite1');

insert into SYSTEM.ADVERTISEMENT (ADID, HOURSTOWRITE, ADNAME)
values (118, 29, 'Fanta2');

insert into SYSTEM.ADVERTISEMENT (ADID, HOURSTOWRITE, ADNAME)
values (119, 15, 'Shweps2');

insert into SYSTEM.ADVERTISEMENT (ADID, HOURSTOWRITE, ADNAME)
values (120, 38, 'Fanta2');

insert into SYSTEM.ADVERTISEMENT (ADID, HOURSTOWRITE, ADNAME)
values (121, 23, 'Shweps2');

insert into SYSTEM.ADVERTISEMENT (ADID, HOURSTOWRITE, ADNAME)
values (122, 17, 'Fanta2');

insert into SYSTEM.ADVERTISEMENT (ADID, HOURSTOWRITE, ADNAME)
values (123, 19, 'Fanta1');

insert into SYSTEM.ADVERTISEMENT (ADID, HOURSTOWRITE, ADNAME)
values (124, 40, 'Coca_cola1');

insert into SYSTEM.ADVERTISEMENT (ADID, HOURSTOWRITE, ADNAME)
values (125, 38, 'Kinley1');

insert into SYSTEM.ADVERTISEMENT (ADID, HOURSTOWRITE, ADNAME)
values (126, 32, 'Coca_cola2');

insert into SYSTEM.ADVERTISEMENT (ADID, HOURSTOWRITE, ADNAME)
values (127, 17, 'Fanta2');

insert into SYSTEM.ADVERTISEMENT (ADID, HOURSTOWRITE, ADNAME)
values (128, 18, 'Shweps2');

insert into SYSTEM.ADVERTISEMENT (ADID, HOURSTOWRITE, ADNAME)
values (129, 20, 'Shweps1');

insert into SYSTEM.ADVERTISEMENT (ADID, HOURSTOWRITE, ADNAME)
values (130, 11, 'Shweps2');

insert into SYSTEM.ADVERTISEMENT (ADID, HOURSTOWRITE, ADNAME)
values (131, 31, 'Coca_cola2');

insert into SYSTEM.ADVERTISEMENT (ADID, HOURSTOWRITE, ADNAME)
values (132, 7, 'Kinley1');

insert into SYSTEM.ADVERTISEMENT (ADID, HOURSTOWRITE, ADNAME)
values (133, 6, 'Shweps1');

insert into SYSTEM.ADVERTISEMENT (ADID, HOURSTOWRITE, ADNAME)
values (134, 38, 'Shweps2');

insert into SYSTEM.ADVERTISEMENT (ADID, HOURSTOWRITE, ADNAME)
values (135, 29, 'Sprite1');

insert into SYSTEM.ADVERTISEMENT (ADID, HOURSTOWRITE, ADNAME)
values (136, 29, 'Kinley2');

insert into SYSTEM.ADVERTISEMENT (ADID, HOURSTOWRITE, ADNAME)
values (137, 12, 'Shweps1');

insert into SYSTEM.ADVERTISEMENT (ADID, HOURSTOWRITE, ADNAME)
values (138, 12, 'Sprite1');

insert into SYSTEM.ADVERTISEMENT (ADID, HOURSTOWRITE, ADNAME)
values (139, 12, 'Sprite2');

insert into SYSTEM.ADVERTISEMENT (ADID, HOURSTOWRITE, ADNAME)
values (140, 6, 'Kinley1');

insert into SYSTEM.ADVERTISEMENT (ADID, HOURSTOWRITE, ADNAME)
values (141, 38, 'Shweps2');

insert into SYSTEM.ADVERTISEMENT (ADID, HOURSTOWRITE, ADNAME)
values (142, 37, 'Sprite1');

insert into SYSTEM.ADVERTISEMENT (ADID, HOURSTOWRITE, ADNAME)
values (143, 20, 'Shweps1');

insert into SYSTEM.ADVERTISEMENT (ADID, HOURSTOWRITE, ADNAME)
values (144, 6, 'Kinley1');

insert into SYSTEM.ADVERTISEMENT (ADID, HOURSTOWRITE, ADNAME)
values (145, 25, 'Fanta2');

insert into SYSTEM.ADVERTISEMENT (ADID, HOURSTOWRITE, ADNAME)
values (146, 35, 'Kinley1');

insert into SYSTEM.ADVERTISEMENT (ADID, HOURSTOWRITE, ADNAME)
values (147, 21, 'Coca_cola2');

insert into SYSTEM.ADVERTISEMENT (ADID, HOURSTOWRITE, ADNAME)
values (148, 33, 'Kinley2');

insert into SYSTEM.ADVERTISEMENT (ADID, HOURSTOWRITE, ADNAME)
values (149, 21, 'Sprite2');

insert into SYSTEM.ADVERTISEMENT (ADID, HOURSTOWRITE, ADNAME)
values (150, 17, 'Kinley1');

insert into SYSTEM.ADVERTISEMENT (ADID, HOURSTOWRITE, ADNAME)
values (151, 19, 'Sprite1');

insert into SYSTEM.ADVERTISEMENT (ADID, HOURSTOWRITE, ADNAME)
values (152, 40, 'Coca_cola2');

insert into SYSTEM.ADVERTISEMENT (ADID, HOURSTOWRITE, ADNAME)
values (153, 22, 'Sprite1');

insert into SYSTEM.ADVERTISEMENT (ADID, HOURSTOWRITE, ADNAME)
values (154, 12, 'Fanta1');

insert into SYSTEM.ADVERTISEMENT (ADID, HOURSTOWRITE, ADNAME)
values (155, 36, 'Shweps2');

insert into SYSTEM.ADVERTISEMENT (ADID, HOURSTOWRITE, ADNAME)
values (156, 34, 'Fanta1');

insert into SYSTEM.ADVERTISEMENT (ADID, HOURSTOWRITE, ADNAME)
values (157, 14, 'Coca_cola1');

insert into SYSTEM.ADVERTISEMENT (ADID, HOURSTOWRITE, ADNAME)
values (158, 28, 'Coca_cola2');

insert into SYSTEM.ADVERTISEMENT (ADID, HOURSTOWRITE, ADNAME)
values (159, 21, 'Coca_cola2');

insert into SYSTEM.ADVERTISEMENT (ADID, HOURSTOWRITE, ADNAME)
values (160, 40, 'Fanta2');

insert into SYSTEM.ADVERTISEMENT (ADID, HOURSTOWRITE, ADNAME)
values (161, 14, 'Sprite2');

insert into SYSTEM.ADVERTISEMENT (ADID, HOURSTOWRITE, ADNAME)
values (162, 5, 'Coca_cola1');

insert into SYSTEM.ADVERTISEMENT (ADID, HOURSTOWRITE, ADNAME)
values (163, 38, 'Shweps1');

insert into SYSTEM.ADVERTISEMENT (ADID, HOURSTOWRITE, ADNAME)
values (164, 5, 'Shweps2');

insert into SYSTEM.ADVERTISEMENT (ADID, HOURSTOWRITE, ADNAME)
values (165, 34, 'Kinley1');

insert into SYSTEM.ADVERTISEMENT (ADID, HOURSTOWRITE, ADNAME)
values (166, 23, 'Sprite2');

insert into SYSTEM.ADVERTISEMENT (ADID, HOURSTOWRITE, ADNAME)
values (167, 20, 'Sprite2');

insert into SYSTEM.ADVERTISEMENT (ADID, HOURSTOWRITE, ADNAME)
values (168, 11, 'Kinley1');

insert into SYSTEM.ADVERTISEMENT (ADID, HOURSTOWRITE, ADNAME)
values (169, 30, 'Fanta1');

insert into SYSTEM.ADVERTISEMENT (ADID, HOURSTOWRITE, ADNAME)
values (170, 13, 'Coca_cola1');

insert into SYSTEM.ADVERTISEMENT (ADID, HOURSTOWRITE, ADNAME)
values (171, 13, 'Shweps1');

insert into SYSTEM.ADVERTISEMENT (ADID, HOURSTOWRITE, ADNAME)
values (172, 13, 'Sprite1');

insert into SYSTEM.ADVERTISEMENT (ADID, HOURSTOWRITE, ADNAME)
values (173, 33, 'Kinley2');

insert into SYSTEM.ADVERTISEMENT (ADID, HOURSTOWRITE, ADNAME)
values (174, 30, 'Fanta1');

insert into SYSTEM.ADVERTISEMENT (ADID, HOURSTOWRITE, ADNAME)
values (175, 23, 'Fanta1');

insert into SYSTEM.ADVERTISEMENT (ADID, HOURSTOWRITE, ADNAME)
values (176, 7, 'Shweps1');

insert into SYSTEM.ADVERTISEMENT (ADID, HOURSTOWRITE, ADNAME)
values (177, 17, 'Coca_cola1');

insert into SYSTEM.ADVERTISEMENT (ADID, HOURSTOWRITE, ADNAME)
values (178, 27, 'Sprite1');

insert into SYSTEM.ADVERTISEMENT (ADID, HOURSTOWRITE, ADNAME)
values (179, 34, 'Sprite1');

insert into SYSTEM.ADVERTISEMENT (ADID, HOURSTOWRITE, ADNAME)
values (180, 6, 'Shweps1');

insert into SYSTEM.ADVERTISEMENT (ADID, HOURSTOWRITE, ADNAME)
values (181, 11, 'Kinley2');

insert into SYSTEM.ADVERTISEMENT (ADID, HOURSTOWRITE, ADNAME)
values (182, 33, 'Kinley1');

insert into SYSTEM.ADVERTISEMENT (ADID, HOURSTOWRITE, ADNAME)
values (183, 18, 'Coca_cola2');

insert into SYSTEM.ADVERTISEMENT (ADID, HOURSTOWRITE, ADNAME)
values (184, 10, 'Fanta2');

insert into SYSTEM.ADVERTISEMENT (ADID, HOURSTOWRITE, ADNAME)
values (185, 27, 'Shweps2');

insert into SYSTEM.ADVERTISEMENT (ADID, HOURSTOWRITE, ADNAME)
values (186, 27, 'Coca_cola1');

insert into SYSTEM.ADVERTISEMENT (ADID, HOURSTOWRITE, ADNAME)
values (187, 14, 'Fanta2');

insert into SYSTEM.ADVERTISEMENT (ADID, HOURSTOWRITE, ADNAME)
values (188, 16, 'Sprite1');

insert into SYSTEM.ADVERTISEMENT (ADID, HOURSTOWRITE, ADNAME)
values (189, 19, 'Fanta1');

insert into SYSTEM.ADVERTISEMENT (ADID, HOURSTOWRITE, ADNAME)
values (190, 29, 'Sprite1');

insert into SYSTEM.ADVERTISEMENT (ADID, HOURSTOWRITE, ADNAME)
values (191, 17, 'Sprite1');

insert into SYSTEM.ADVERTISEMENT (ADID, HOURSTOWRITE, ADNAME)
values (192, 31, 'Shweps2');

insert into SYSTEM.ADVERTISEMENT (ADID, HOURSTOWRITE, ADNAME)
values (193, 7, 'Coca_cola1');

insert into SYSTEM.ADVERTISEMENT (ADID, HOURSTOWRITE, ADNAME)
values (194, 35, 'Shweps2');

insert into SYSTEM.ADVERTISEMENT (ADID, HOURSTOWRITE, ADNAME)
values (195, 39, 'Kinley1');

insert into SYSTEM.ADVERTISEMENT (ADID, HOURSTOWRITE, ADNAME)
values (196, 7, 'Shweps1');

insert into SYSTEM.ADVERTISEMENT (ADID, HOURSTOWRITE, ADNAME)
values (197, 26, 'Sprite2');

insert into SYSTEM.ADVERTISEMENT (ADID, HOURSTOWRITE, ADNAME)
values (198, 20, 'Fanta2');

insert into SYSTEM.ADVERTISEMENT (ADID, HOURSTOWRITE, ADNAME)
values (199, 26, 'Sprite1');

insert into SYSTEM.ADVERTISEMENT (ADID, HOURSTOWRITE, ADNAME)
values (200, 21, 'Kinley2');

commit;

-- (2) 
insert into SYSTEM.PICTUREAD (LENGTH, WIDTH, ADID)
values (9, 7, 1);

insert into SYSTEM.PICTUREAD (LENGTH, WIDTH, ADID)
values (12, 5, 2);

insert into SYSTEM.PICTUREAD (LENGTH, WIDTH, ADID)
values (17, 18, 3);

insert into SYSTEM.PICTUREAD (LENGTH, WIDTH, ADID)
values (6, 14, 4);

insert into SYSTEM.PICTUREAD (LENGTH, WIDTH, ADID)
values (12, 19, 5);

insert into SYSTEM.PICTUREAD (LENGTH, WIDTH, ADID)
values (9, 16, 6);

insert into SYSTEM.PICTUREAD (LENGTH, WIDTH, ADID)
values (9, 14, 7);

insert into SYSTEM.PICTUREAD (LENGTH, WIDTH, ADID)
values (10, 20, 8);

insert into SYSTEM.PICTUREAD (LENGTH, WIDTH, ADID)
values (6, 19, 9);

insert into SYSTEM.PICTUREAD (LENGTH, WIDTH, ADID)
values (5, 18, 10);

insert into SYSTEM.PICTUREAD (LENGTH, WIDTH, ADID)
values (17, 9, 11);

insert into SYSTEM.PICTUREAD (LENGTH, WIDTH, ADID)
values (17, 10, 12);

insert into SYSTEM.PICTUREAD (LENGTH, WIDTH, ADID)
values (14, 20, 13);

insert into SYSTEM.PICTUREAD (LENGTH, WIDTH, ADID)
values (15, 7, 14);

insert into SYSTEM.PICTUREAD (LENGTH, WIDTH, ADID)
values (16, 11, 15);

insert into SYSTEM.PICTUREAD (LENGTH, WIDTH, ADID)
values (11, 10, 16);

insert into SYSTEM.PICTUREAD (LENGTH, WIDTH, ADID)
values (7, 12, 17);

insert into SYSTEM.PICTUREAD (LENGTH, WIDTH, ADID)
values (14, 8, 18);

insert into SYSTEM.PICTUREAD (LENGTH, WIDTH, ADID)
values (9, 17, 19);

insert into SYSTEM.PICTUREAD (LENGTH, WIDTH, ADID)
values (9, 10, 20);

insert into SYSTEM.PICTUREAD (LENGTH, WIDTH, ADID)
values (11, 20, 21);

insert into SYSTEM.PICTUREAD (LENGTH, WIDTH, ADID)
values (7, 12, 22);

insert into SYSTEM.PICTUREAD (LENGTH, WIDTH, ADID)
values (13, 17, 23);

insert into SYSTEM.PICTUREAD (LENGTH, WIDTH, ADID)
values (11, 5, 24);

insert into SYSTEM.PICTUREAD (LENGTH, WIDTH, ADID)
values (9, 5, 25);

insert into SYSTEM.PICTUREAD (LENGTH, WIDTH, ADID)
values (8, 17, 26);

insert into SYSTEM.PICTUREAD (LENGTH, WIDTH, ADID)
values (6, 11, 27);

insert into SYSTEM.PICTUREAD (LENGTH, WIDTH, ADID)
values (15, 11, 28);

insert into SYSTEM.PICTUREAD (LENGTH, WIDTH, ADID)
values (16, 9, 29);

insert into SYSTEM.PICTUREAD (LENGTH, WIDTH, ADID)
values (13, 11, 30);

insert into SYSTEM.PICTUREAD (LENGTH, WIDTH, ADID)
values (12, 13, 31);

insert into SYSTEM.PICTUREAD (LENGTH, WIDTH, ADID)
values (8, 15, 32);

insert into SYSTEM.PICTUREAD (LENGTH, WIDTH, ADID)
values (15, 10, 33);

insert into SYSTEM.PICTUREAD (LENGTH, WIDTH, ADID)
values (12, 18, 34);

insert into SYSTEM.PICTUREAD (LENGTH, WIDTH, ADID)
values (16, 19, 35);

insert into SYSTEM.PICTUREAD (LENGTH, WIDTH, ADID)
values (13, 18, 36);

insert into SYSTEM.PICTUREAD (LENGTH, WIDTH, ADID)
values (11, 12, 37);

insert into SYSTEM.PICTUREAD (LENGTH, WIDTH, ADID)
values (10, 5, 38);

insert into SYSTEM.PICTUREAD (LENGTH, WIDTH, ADID)
values (12, 20, 39);

insert into SYSTEM.PICTUREAD (LENGTH, WIDTH, ADID)
values (9, 11, 40);

insert into SYSTEM.PICTUREAD (LENGTH, WIDTH, ADID)
values (20, 11, 41);

insert into SYSTEM.PICTUREAD (LENGTH, WIDTH, ADID)
values (18, 6, 42);

insert into SYSTEM.PICTUREAD (LENGTH, WIDTH, ADID)
values (16, 13, 43);

insert into SYSTEM.PICTUREAD (LENGTH, WIDTH, ADID)
values (12, 16, 44);

insert into SYSTEM.PICTUREAD (LENGTH, WIDTH, ADID)
values (7, 16, 45);

insert into SYSTEM.PICTUREAD (LENGTH, WIDTH, ADID)
values (14, 13, 46);

insert into SYSTEM.PICTUREAD (LENGTH, WIDTH, ADID)
values (19, 19, 47);

insert into SYSTEM.PICTUREAD (LENGTH, WIDTH, ADID)
values (13, 15, 48);

insert into SYSTEM.PICTUREAD (LENGTH, WIDTH, ADID)
values (13, 17, 49);

insert into SYSTEM.PICTUREAD (LENGTH, WIDTH, ADID)
values (14, 14, 50);

insert into SYSTEM.PICTUREAD (LENGTH, WIDTH, ADID)
values (12, 19, 51);

insert into SYSTEM.PICTUREAD (LENGTH, WIDTH, ADID)
values (5, 13, 52);

insert into SYSTEM.PICTUREAD (LENGTH, WIDTH, ADID)
values (9, 8, 53);

insert into SYSTEM.PICTUREAD (LENGTH, WIDTH, ADID)
values (8, 9, 54);

insert into SYSTEM.PICTUREAD (LENGTH, WIDTH, ADID)
values (5, 16, 55);

insert into SYSTEM.PICTUREAD (LENGTH, WIDTH, ADID)
values (6, 12, 56);

insert into SYSTEM.PICTUREAD (LENGTH, WIDTH, ADID)
values (13, 7, 57);

insert into SYSTEM.PICTUREAD (LENGTH, WIDTH, ADID)
values (11, 15, 58);

insert into SYSTEM.PICTUREAD (LENGTH, WIDTH, ADID)
values (19, 8, 59);

insert into SYSTEM.PICTUREAD (LENGTH, WIDTH, ADID)
values (19, 14, 60);

insert into SYSTEM.PICTUREAD (LENGTH, WIDTH, ADID)
values (6, 16, 61);

insert into SYSTEM.PICTUREAD (LENGTH, WIDTH, ADID)
values (5, 11, 62);

insert into SYSTEM.PICTUREAD (LENGTH, WIDTH, ADID)
values (18, 20, 63);

insert into SYSTEM.PICTUREAD (LENGTH, WIDTH, ADID)
values (17, 16, 64);

insert into SYSTEM.PICTUREAD (LENGTH, WIDTH, ADID)
values (9, 12, 65);

insert into SYSTEM.PICTUREAD (LENGTH, WIDTH, ADID)
values (5, 5, 66);

insert into SYSTEM.PICTUREAD (LENGTH, WIDTH, ADID)
values (7, 17, 67);

insert into SYSTEM.PICTUREAD (LENGTH, WIDTH, ADID)
values (9, 12, 68);

insert into SYSTEM.PICTUREAD (LENGTH, WIDTH, ADID)
values (6, 18, 69);

insert into SYSTEM.PICTUREAD (LENGTH, WIDTH, ADID)
values (7, 11, 70);

insert into SYSTEM.PICTUREAD (LENGTH, WIDTH, ADID)
values (10, 14, 71);

insert into SYSTEM.PICTUREAD (LENGTH, WIDTH, ADID)
values (19, 19, 72);

insert into SYSTEM.PICTUREAD (LENGTH, WIDTH, ADID)
values (6, 18, 73);

insert into SYSTEM.PICTUREAD (LENGTH, WIDTH, ADID)
values (20, 10, 74);

insert into SYSTEM.PICTUREAD (LENGTH, WIDTH, ADID)
values (10, 9, 75);

insert into SYSTEM.PICTUREAD (LENGTH, WIDTH, ADID)
values (18, 9, 76);

insert into SYSTEM.PICTUREAD (LENGTH, WIDTH, ADID)
values (5, 16, 77);

insert into SYSTEM.PICTUREAD (LENGTH, WIDTH, ADID)
values (20, 8, 78);

insert into SYSTEM.PICTUREAD (LENGTH, WIDTH, ADID)
values (19, 17, 79);

insert into SYSTEM.PICTUREAD (LENGTH, WIDTH, ADID)
values (6, 10, 80);

insert into SYSTEM.PICTUREAD (LENGTH, WIDTH, ADID)
values (20, 13, 81);

insert into SYSTEM.PICTUREAD (LENGTH, WIDTH, ADID)
values (9, 14, 82);

insert into SYSTEM.PICTUREAD (LENGTH, WIDTH, ADID)
values (5, 15, 83);

insert into SYSTEM.PICTUREAD (LENGTH, WIDTH, ADID)
values (8, 9, 84);

insert into SYSTEM.PICTUREAD (LENGTH, WIDTH, ADID)
values (7, 6, 85);

insert into SYSTEM.PICTUREAD (LENGTH, WIDTH, ADID)
values (14, 5, 86);

insert into SYSTEM.PICTUREAD (LENGTH, WIDTH, ADID)
values (10, 17, 87);

insert into SYSTEM.PICTUREAD (LENGTH, WIDTH, ADID)
values (16, 13, 88);

insert into SYSTEM.PICTUREAD (LENGTH, WIDTH, ADID)
values (11, 16, 89);

insert into SYSTEM.PICTUREAD (LENGTH, WIDTH, ADID)
values (7, 15, 90);

insert into SYSTEM.PICTUREAD (LENGTH, WIDTH, ADID)
values (7, 18, 91);

insert into SYSTEM.PICTUREAD (LENGTH, WIDTH, ADID)
values (15, 11, 92);

insert into SYSTEM.PICTUREAD (LENGTH, WIDTH, ADID)
values (12, 8, 93);

insert into SYSTEM.PICTUREAD (LENGTH, WIDTH, ADID)
values (16, 11, 94);

insert into SYSTEM.PICTUREAD (LENGTH, WIDTH, ADID)
values (19, 6, 95);

insert into SYSTEM.PICTUREAD (LENGTH, WIDTH, ADID)
values (15, 20, 96);

insert into SYSTEM.PICTUREAD (LENGTH, WIDTH, ADID)
values (14, 15, 97);

insert into SYSTEM.PICTUREAD (LENGTH, WIDTH, ADID)
values (15, 14, 98);

insert into SYSTEM.PICTUREAD (LENGTH, WIDTH, ADID)
values (15, 20, 99);

insert into SYSTEM.PICTUREAD (LENGTH, WIDTH, ADID)
values (19, 10, 100);

insert into SYSTEM.PICTUREAD (LENGTH, WIDTH, ADID)
values (19, 16, 101);

insert into SYSTEM.PICTUREAD (LENGTH, WIDTH, ADID)
values (6, 6, 102);

insert into SYSTEM.PICTUREAD (LENGTH, WIDTH, ADID)
values (19, 7, 103);

insert into SYSTEM.PICTUREAD (LENGTH, WIDTH, ADID)
values (6, 8, 104);

insert into SYSTEM.PICTUREAD (LENGTH, WIDTH, ADID)
values (18, 11, 105);

insert into SYSTEM.PICTUREAD (LENGTH, WIDTH, ADID)
values (9, 8, 106);

insert into SYSTEM.PICTUREAD (LENGTH, WIDTH, ADID)
values (20, 8, 107);

insert into SYSTEM.PICTUREAD (LENGTH, WIDTH, ADID)
values (18, 11, 108);

insert into SYSTEM.PICTUREAD (LENGTH, WIDTH, ADID)
values (10, 15, 109);

insert into SYSTEM.PICTUREAD (LENGTH, WIDTH, ADID)
values (12, 6, 110);

insert into SYSTEM.PICTUREAD (LENGTH, WIDTH, ADID)
values (12, 13, 111);

insert into SYSTEM.PICTUREAD (LENGTH, WIDTH, ADID)
values (8, 13, 112);

insert into SYSTEM.PICTUREAD (LENGTH, WIDTH, ADID)
values (14, 5, 113);

insert into SYSTEM.PICTUREAD (LENGTH, WIDTH, ADID)
values (19, 11, 114);

insert into SYSTEM.PICTUREAD (LENGTH, WIDTH, ADID)
values (6, 13, 115);

insert into SYSTEM.PICTUREAD (LENGTH, WIDTH, ADID)
values (20, 14, 116);

insert into SYSTEM.PICTUREAD (LENGTH, WIDTH, ADID)
values (5, 11, 117);

insert into SYSTEM.PICTUREAD (LENGTH, WIDTH, ADID)
values (7, 7, 118);

insert into SYSTEM.PICTUREAD (LENGTH, WIDTH, ADID)
values (20, 14, 119);

insert into SYSTEM.PICTUREAD (LENGTH, WIDTH, ADID)
values (15, 6, 120);

insert into SYSTEM.PICTUREAD (LENGTH, WIDTH, ADID)
values (15, 7, 121);

insert into SYSTEM.PICTUREAD (LENGTH, WIDTH, ADID)
values (7, 13, 122);

insert into SYSTEM.PICTUREAD (LENGTH, WIDTH, ADID)
values (18, 20, 123);

insert into SYSTEM.PICTUREAD (LENGTH, WIDTH, ADID)
values (10, 9, 124);

insert into SYSTEM.PICTUREAD (LENGTH, WIDTH, ADID)
values (14, 14, 125);

insert into SYSTEM.PICTUREAD (LENGTH, WIDTH, ADID)
values (15, 12, 126);

insert into SYSTEM.PICTUREAD (LENGTH, WIDTH, ADID)
values (7, 13, 127);

insert into SYSTEM.PICTUREAD (LENGTH, WIDTH, ADID)
values (13, 16, 128);

insert into SYSTEM.PICTUREAD (LENGTH, WIDTH, ADID)
values (9, 9, 129);

insert into SYSTEM.PICTUREAD (LENGTH, WIDTH, ADID)
values (10, 5, 130);

insert into SYSTEM.PICTUREAD (LENGTH, WIDTH, ADID)
values (19, 9, 131);

insert into SYSTEM.PICTUREAD (LENGTH, WIDTH, ADID)
values (8, 14, 132);

insert into SYSTEM.PICTUREAD (LENGTH, WIDTH, ADID)
values (11, 20, 133);

insert into SYSTEM.PICTUREAD (LENGTH, WIDTH, ADID)
values (13, 18, 134);

insert into SYSTEM.PICTUREAD (LENGTH, WIDTH, ADID)
values (9, 11, 135);

insert into SYSTEM.PICTUREAD (LENGTH, WIDTH, ADID)
values (16, 9, 136);

insert into SYSTEM.PICTUREAD (LENGTH, WIDTH, ADID)
values (15, 14, 137);

insert into SYSTEM.PICTUREAD (LENGTH, WIDTH, ADID)
values (6, 17, 138);

insert into SYSTEM.PICTUREAD (LENGTH, WIDTH, ADID)
values (8, 6, 139);

insert into SYSTEM.PICTUREAD (LENGTH, WIDTH, ADID)
values (12, 17, 140);

insert into SYSTEM.PICTUREAD (LENGTH, WIDTH, ADID)
values (12, 13, 141);

insert into SYSTEM.PICTUREAD (LENGTH, WIDTH, ADID)
values (18, 10, 142);

insert into SYSTEM.PICTUREAD (LENGTH, WIDTH, ADID)
values (12, 6, 143);

insert into SYSTEM.PICTUREAD (LENGTH, WIDTH, ADID)
values (6, 16, 144);

insert into SYSTEM.PICTUREAD (LENGTH, WIDTH, ADID)
values (15, 16, 145);

insert into SYSTEM.PICTUREAD (LENGTH, WIDTH, ADID)
values (19, 13, 146);

insert into SYSTEM.PICTUREAD (LENGTH, WIDTH, ADID)
values (5, 13, 147);

insert into SYSTEM.PICTUREAD (LENGTH, WIDTH, ADID)
values (17, 15, 148);

insert into SYSTEM.PICTUREAD (LENGTH, WIDTH, ADID)
values (6, 7, 149);

insert into SYSTEM.PICTUREAD (LENGTH, WIDTH, ADID)
values (20, 12, 150);

commit;

-- (3) Article

insert into SYSTEM.ARTICLE (NUMWORDS, ADID)
values (229, 51);

insert into SYSTEM.ARTICLE (NUMWORDS, ADID)
values (333, 52);

insert into SYSTEM.ARTICLE (NUMWORDS, ADID)
values (415, 53);

insert into SYSTEM.ARTICLE (NUMWORDS, ADID)
values (183, 54);

insert into SYSTEM.ARTICLE (NUMWORDS, ADID)
values (374, 55);

insert into SYSTEM.ARTICLE (NUMWORDS, ADID)
values (155, 56);

insert into SYSTEM.ARTICLE (NUMWORDS, ADID)
values (185, 57);

insert into SYSTEM.ARTICLE (NUMWORDS, ADID)
values (470, 58);

insert into SYSTEM.ARTICLE (NUMWORDS, ADID)
values (153, 59);

insert into SYSTEM.ARTICLE (NUMWORDS, ADID)
values (300, 60);

insert into SYSTEM.ARTICLE (NUMWORDS, ADID)
values (208, 61);

insert into SYSTEM.ARTICLE (NUMWORDS, ADID)
values (100, 62);

insert into SYSTEM.ARTICLE (NUMWORDS, ADID)
values (139, 63);

insert into SYSTEM.ARTICLE (NUMWORDS, ADID)
values (286, 64);

insert into SYSTEM.ARTICLE (NUMWORDS, ADID)
values (152, 65);

insert into SYSTEM.ARTICLE (NUMWORDS, ADID)
values (456, 66);

insert into SYSTEM.ARTICLE (NUMWORDS, ADID)
values (347, 67);

insert into SYSTEM.ARTICLE (NUMWORDS, ADID)
values (482, 68);

insert into SYSTEM.ARTICLE (NUMWORDS, ADID)
values (367, 69);

insert into SYSTEM.ARTICLE (NUMWORDS, ADID)
values (127, 70);

insert into SYSTEM.ARTICLE (NUMWORDS, ADID)
values (226, 71);

insert into SYSTEM.ARTICLE (NUMWORDS, ADID)
values (499, 72);

insert into SYSTEM.ARTICLE (NUMWORDS, ADID)
values (227, 73);

insert into SYSTEM.ARTICLE (NUMWORDS, ADID)
values (100, 74);

insert into SYSTEM.ARTICLE (NUMWORDS, ADID)
values (350, 75);

insert into SYSTEM.ARTICLE (NUMWORDS, ADID)
values (122, 76);

insert into SYSTEM.ARTICLE (NUMWORDS, ADID)
values (381, 77);

insert into SYSTEM.ARTICLE (NUMWORDS, ADID)
values (465, 78);

insert into SYSTEM.ARTICLE (NUMWORDS, ADID)
values (133, 79);

insert into SYSTEM.ARTICLE (NUMWORDS, ADID)
values (388, 80);

insert into SYSTEM.ARTICLE (NUMWORDS, ADID)
values (467, 81);

insert into SYSTEM.ARTICLE (NUMWORDS, ADID)
values (490, 82);

insert into SYSTEM.ARTICLE (NUMWORDS, ADID)
values (401, 83);

insert into SYSTEM.ARTICLE (NUMWORDS, ADID)
values (470, 84);

insert into SYSTEM.ARTICLE (NUMWORDS, ADID)
values (380, 85);

insert into SYSTEM.ARTICLE (NUMWORDS, ADID)
values (418, 86);

insert into SYSTEM.ARTICLE (NUMWORDS, ADID)
values (109, 87);

insert into SYSTEM.ARTICLE (NUMWORDS, ADID)
values (208, 88);

insert into SYSTEM.ARTICLE (NUMWORDS, ADID)
values (443, 89);

insert into SYSTEM.ARTICLE (NUMWORDS, ADID)
values (209, 90);

insert into SYSTEM.ARTICLE (NUMWORDS, ADID)
values (267, 91);

insert into SYSTEM.ARTICLE (NUMWORDS, ADID)
values (140, 92);

insert into SYSTEM.ARTICLE (NUMWORDS, ADID)
values (366, 93);

insert into SYSTEM.ARTICLE (NUMWORDS, ADID)
values (193, 94);

insert into SYSTEM.ARTICLE (NUMWORDS, ADID)
values (142, 95);

insert into SYSTEM.ARTICLE (NUMWORDS, ADID)
values (250, 96);

insert into SYSTEM.ARTICLE (NUMWORDS, ADID)
values (144, 97);

insert into SYSTEM.ARTICLE (NUMWORDS, ADID)
values (256, 98);

insert into SYSTEM.ARTICLE (NUMWORDS, ADID)
values (202, 99);

insert into SYSTEM.ARTICLE (NUMWORDS, ADID)
values (314, 100);

insert into SYSTEM.ARTICLE (NUMWORDS, ADID)
values (184, 101);

insert into SYSTEM.ARTICLE (NUMWORDS, ADID)
values (327, 102);

insert into SYSTEM.ARTICLE (NUMWORDS, ADID)
values (284, 103);

insert into SYSTEM.ARTICLE (NUMWORDS, ADID)
values (450, 104);

insert into SYSTEM.ARTICLE (NUMWORDS, ADID)
values (406, 105);

insert into SYSTEM.ARTICLE (NUMWORDS, ADID)
values (180, 106);

insert into SYSTEM.ARTICLE (NUMWORDS, ADID)
values (432, 107);

insert into SYSTEM.ARTICLE (NUMWORDS, ADID)
values (152, 108);

insert into SYSTEM.ARTICLE (NUMWORDS, ADID)
values (209, 109);

insert into SYSTEM.ARTICLE (NUMWORDS, ADID)
values (332, 110);

insert into SYSTEM.ARTICLE (NUMWORDS, ADID)
values (299, 111);

insert into SYSTEM.ARTICLE (NUMWORDS, ADID)
values (217, 112);

insert into SYSTEM.ARTICLE (NUMWORDS, ADID)
values (459, 113);

insert into SYSTEM.ARTICLE (NUMWORDS, ADID)
values (239, 114);

insert into SYSTEM.ARTICLE (NUMWORDS, ADID)
values (362, 115);

insert into SYSTEM.ARTICLE (NUMWORDS, ADID)
values (442, 116);

insert into SYSTEM.ARTICLE (NUMWORDS, ADID)
values (361, 117);

insert into SYSTEM.ARTICLE (NUMWORDS, ADID)
values (172, 118);

insert into SYSTEM.ARTICLE (NUMWORDS, ADID)
values (230, 119);

insert into SYSTEM.ARTICLE (NUMWORDS, ADID)
values (494, 120);

insert into SYSTEM.ARTICLE (NUMWORDS, ADID)
values (207, 121);

insert into SYSTEM.ARTICLE (NUMWORDS, ADID)
values (390, 122);

insert into SYSTEM.ARTICLE (NUMWORDS, ADID)
values (310, 123);

insert into SYSTEM.ARTICLE (NUMWORDS, ADID)
values (257, 124);

insert into SYSTEM.ARTICLE (NUMWORDS, ADID)
values (244, 125);

insert into SYSTEM.ARTICLE (NUMWORDS, ADID)
values (162, 126);

insert into SYSTEM.ARTICLE (NUMWORDS, ADID)
values (299, 127);

insert into SYSTEM.ARTICLE (NUMWORDS, ADID)
values (428, 128);

insert into SYSTEM.ARTICLE (NUMWORDS, ADID)
values (437, 129);

insert into SYSTEM.ARTICLE (NUMWORDS, ADID)
values (497, 130);

insert into SYSTEM.ARTICLE (NUMWORDS, ADID)
values (168, 131);

insert into SYSTEM.ARTICLE (NUMWORDS, ADID)
values (264, 132);

insert into SYSTEM.ARTICLE (NUMWORDS, ADID)
values (413, 133);

insert into SYSTEM.ARTICLE (NUMWORDS, ADID)
values (491, 134);

insert into SYSTEM.ARTICLE (NUMWORDS, ADID)
values (123, 135);

insert into SYSTEM.ARTICLE (NUMWORDS, ADID)
values (287, 136);

insert into SYSTEM.ARTICLE (NUMWORDS, ADID)
values (131, 137);

insert into SYSTEM.ARTICLE (NUMWORDS, ADID)
values (173, 138);

insert into SYSTEM.ARTICLE (NUMWORDS, ADID)
values (182, 139);

insert into SYSTEM.ARTICLE (NUMWORDS, ADID)
values (225, 140);

insert into SYSTEM.ARTICLE (NUMWORDS, ADID)
values (363, 141);

insert into SYSTEM.ARTICLE (NUMWORDS, ADID)
values (371, 142);

insert into SYSTEM.ARTICLE (NUMWORDS, ADID)
values (469, 143);

insert into SYSTEM.ARTICLE (NUMWORDS, ADID)
values (183, 144);

insert into SYSTEM.ARTICLE (NUMWORDS, ADID)
values (136, 145);

insert into SYSTEM.ARTICLE (NUMWORDS, ADID)
values (239, 146);

insert into SYSTEM.ARTICLE (NUMWORDS, ADID)
values (262, 147);

insert into SYSTEM.ARTICLE (NUMWORDS, ADID)
values (353, 148);

insert into SYSTEM.ARTICLE (NUMWORDS, ADID)
values (443, 149);

insert into SYSTEM.ARTICLE (NUMWORDS, ADID)
values (413, 150);

insert into SYSTEM.ARTICLE (NUMWORDS, ADID)
values (311, 151);

insert into SYSTEM.ARTICLE (NUMWORDS, ADID)
values (232, 152);

insert into SYSTEM.ARTICLE (NUMWORDS, ADID)
values (329, 153);

insert into SYSTEM.ARTICLE (NUMWORDS, ADID)
values (207, 154);

insert into SYSTEM.ARTICLE (NUMWORDS, ADID)
values (217, 155);

insert into SYSTEM.ARTICLE (NUMWORDS, ADID)
values (473, 156);

insert into SYSTEM.ARTICLE (NUMWORDS, ADID)
values (496, 157);

insert into SYSTEM.ARTICLE (NUMWORDS, ADID)
values (225, 158);

insert into SYSTEM.ARTICLE (NUMWORDS, ADID)
values (442, 159);

insert into SYSTEM.ARTICLE (NUMWORDS, ADID)
values (129, 160);

insert into SYSTEM.ARTICLE (NUMWORDS, ADID)
values (322, 161);

insert into SYSTEM.ARTICLE (NUMWORDS, ADID)
values (200, 162);

insert into SYSTEM.ARTICLE (NUMWORDS, ADID)
values (111, 163);

insert into SYSTEM.ARTICLE (NUMWORDS, ADID)
values (216, 164);

insert into SYSTEM.ARTICLE (NUMWORDS, ADID)
values (426, 165);

insert into SYSTEM.ARTICLE (NUMWORDS, ADID)
values (438, 166);

insert into SYSTEM.ARTICLE (NUMWORDS, ADID)
values (384, 167);

insert into SYSTEM.ARTICLE (NUMWORDS, ADID)
values (158, 168);

insert into SYSTEM.ARTICLE (NUMWORDS, ADID)
values (494, 169);

insert into SYSTEM.ARTICLE (NUMWORDS, ADID)
values (481, 170);

insert into SYSTEM.ARTICLE (NUMWORDS, ADID)
values (350, 171);

insert into SYSTEM.ARTICLE (NUMWORDS, ADID)
values (239, 172);

insert into SYSTEM.ARTICLE (NUMWORDS, ADID)
values (284, 173);

insert into SYSTEM.ARTICLE (NUMWORDS, ADID)
values (351, 174);

insert into SYSTEM.ARTICLE (NUMWORDS, ADID)
values (237, 175);

insert into SYSTEM.ARTICLE (NUMWORDS, ADID)
values (424, 176);

insert into SYSTEM.ARTICLE (NUMWORDS, ADID)
values (136, 177);

insert into SYSTEM.ARTICLE (NUMWORDS, ADID)
values (215, 178);

insert into SYSTEM.ARTICLE (NUMWORDS, ADID)
values (286, 179);

insert into SYSTEM.ARTICLE (NUMWORDS, ADID)
values (469, 180);

insert into SYSTEM.ARTICLE (NUMWORDS, ADID)
values (287, 181);

insert into SYSTEM.ARTICLE (NUMWORDS, ADID)
values (410, 182);

insert into SYSTEM.ARTICLE (NUMWORDS, ADID)
values (255, 183);

insert into SYSTEM.ARTICLE (NUMWORDS, ADID)
values (300, 184);

insert into SYSTEM.ARTICLE (NUMWORDS, ADID)
values (338, 185);

insert into SYSTEM.ARTICLE (NUMWORDS, ADID)
values (267, 186);

insert into SYSTEM.ARTICLE (NUMWORDS, ADID)
values (154, 187);

insert into SYSTEM.ARTICLE (NUMWORDS, ADID)
values (162, 188);

insert into SYSTEM.ARTICLE (NUMWORDS, ADID)
values (356, 189);

insert into SYSTEM.ARTICLE (NUMWORDS, ADID)
values (304, 190);

insert into SYSTEM.ARTICLE (NUMWORDS, ADID)
values (132, 191);

insert into SYSTEM.ARTICLE (NUMWORDS, ADID)
values (118, 192);

insert into SYSTEM.ARTICLE (NUMWORDS, ADID)
values (378, 193);

insert into SYSTEM.ARTICLE (NUMWORDS, ADID)
values (396, 194);

insert into SYSTEM.ARTICLE (NUMWORDS, ADID)
values (331, 195);

insert into SYSTEM.ARTICLE (NUMWORDS, ADID)
values (211, 196);

insert into SYSTEM.ARTICLE (NUMWORDS, ADID)
values (377, 197);

insert into SYSTEM.ARTICLE (NUMWORDS, ADID)
values (291, 198);

insert into SYSTEM.ARTICLE (NUMWORDS, ADID)
values (434, 199);

insert into SYSTEM.ARTICLE (NUMWORDS, ADID)
values (268, 200);

commit;


--(4) writer

insert into SYSTEM.WRITER (WRITERID, WRITERNAME, NUMYEARSOFEXPERIENCE, PAYPERHOUR)
values (1, 'Jesse Dorn', 4, 30);

insert into SYSTEM.WRITER (WRITERID, WRITERNAME, NUMYEARSOFEXPERIENCE, PAYPERHOUR)
values (2, 'Jake Nash', 8, 127);

insert into SYSTEM.WRITER (WRITERID, WRITERNAME, NUMYEARSOFEXPERIENCE, PAYPERHOUR)
values (3, 'Whoopi Jonze', 5, 48);

insert into SYSTEM.WRITER (WRITERID, WRITERNAME, NUMYEARSOFEXPERIENCE, PAYPERHOUR)
values (4, 'Johnnie Mitra', 8, 130);

insert into SYSTEM.WRITER (WRITERID, WRITERNAME, NUMYEARSOFEXPERIENCE, PAYPERHOUR)
values (5, 'Collin Coyote', 7, 129);

insert into SYSTEM.WRITER (WRITERID, WRITERNAME, NUMYEARSOFEXPERIENCE, PAYPERHOUR)
values (6, 'Lari Sevenfold', 7, 127);

insert into SYSTEM.WRITER (WRITERID, WRITERNAME, NUMYEARSOFEXPERIENCE, PAYPERHOUR)
values (7, 'Franco Macy', 4, 99);

insert into SYSTEM.WRITER (WRITERID, WRITERNAME, NUMYEARSOFEXPERIENCE, PAYPERHOUR)
values (8, 'Rosanne Speaks', 12, 88);

insert into SYSTEM.WRITER (WRITERID, WRITERNAME, NUMYEARSOFEXPERIENCE, PAYPERHOUR)
values (9, 'Ralph Rhys-Davies', 5, 104);

insert into SYSTEM.WRITER (WRITERID, WRITERNAME, NUMYEARSOFEXPERIENCE, PAYPERHOUR)
values (10, 'Mel Hayes', 4, 108);

insert into SYSTEM.WRITER (WRITERID, WRITERNAME, NUMYEARSOFEXPERIENCE, PAYPERHOUR)
values (11, 'Curt Hewitt', 11, 68);

insert into SYSTEM.WRITER (WRITERID, WRITERNAME, NUMYEARSOFEXPERIENCE, PAYPERHOUR)
values (12, 'Javon Webb', 11, 30);

insert into SYSTEM.WRITER (WRITERID, WRITERNAME, NUMYEARSOFEXPERIENCE, PAYPERHOUR)
values (13, 'Ronny Fonda', 7, 145);

insert into SYSTEM.WRITER (WRITERID, WRITERNAME, NUMYEARSOFEXPERIENCE, PAYPERHOUR)
values (14, 'Al Easton', 7, 39);

insert into SYSTEM.WRITER (WRITERID, WRITERNAME, NUMYEARSOFEXPERIENCE, PAYPERHOUR)
values (15, 'Brenda Strong', 9, 73);

insert into SYSTEM.WRITER (WRITERID, WRITERNAME, NUMYEARSOFEXPERIENCE, PAYPERHOUR)
values (16, 'Cheryl Craddock', 5, 59);

insert into SYSTEM.WRITER (WRITERID, WRITERNAME, NUMYEARSOFEXPERIENCE, PAYPERHOUR)
values (17, 'Phil Berkeley', 12, 117);

insert into SYSTEM.WRITER (WRITERID, WRITERNAME, NUMYEARSOFEXPERIENCE, PAYPERHOUR)
values (18, 'Keith Coward', 15, 122);

insert into SYSTEM.WRITER (WRITERID, WRITERNAME, NUMYEARSOFEXPERIENCE, PAYPERHOUR)
values (19, 'April Tankard', 9, 83);

insert into SYSTEM.WRITER (WRITERID, WRITERNAME, NUMYEARSOFEXPERIENCE, PAYPERHOUR)
values (20, 'Rene Hartnett', 3, 142);

insert into SYSTEM.WRITER (WRITERID, WRITERNAME, NUMYEARSOFEXPERIENCE, PAYPERHOUR)
values (21, 'Jean Levert', 11, 34);

insert into SYSTEM.WRITER (WRITERID, WRITERNAME, NUMYEARSOFEXPERIENCE, PAYPERHOUR)
values (22, 'Elias Coleman', 3, 57);

insert into SYSTEM.WRITER (WRITERID, WRITERNAME, NUMYEARSOFEXPERIENCE, PAYPERHOUR)
values (23, 'Jaime Stuermer', 7, 37);

insert into SYSTEM.WRITER (WRITERID, WRITERNAME, NUMYEARSOFEXPERIENCE, PAYPERHOUR)
values (24, 'Natasha Gough', 15, 103);

insert into SYSTEM.WRITER (WRITERID, WRITERNAME, NUMYEARSOFEXPERIENCE, PAYPERHOUR)
values (25, 'Sheryl Thomas', 5, 55);

insert into SYSTEM.WRITER (WRITERID, WRITERNAME, NUMYEARSOFEXPERIENCE, PAYPERHOUR)
values (26, 'Gilberto Vincent', 7, 124);

insert into SYSTEM.WRITER (WRITERID, WRITERNAME, NUMYEARSOFEXPERIENCE, PAYPERHOUR)
values (27, 'Kurtwood Deejay', 5, 72);

insert into SYSTEM.WRITER (WRITERID, WRITERNAME, NUMYEARSOFEXPERIENCE, PAYPERHOUR)
values (28, 'Laura Gore', 11, 102);

insert into SYSTEM.WRITER (WRITERID, WRITERNAME, NUMYEARSOFEXPERIENCE, PAYPERHOUR)
values (29, 'Taylor McLachlan', 5, 114);

insert into SYSTEM.WRITER (WRITERID, WRITERNAME, NUMYEARSOFEXPERIENCE, PAYPERHOUR)
values (30, 'Janice Hall', 9, 89);

insert into SYSTEM.WRITER (WRITERID, WRITERNAME, NUMYEARSOFEXPERIENCE, PAYPERHOUR)
values (31, 'Janeane Phillippe', 6, 34);

insert into SYSTEM.WRITER (WRITERID, WRITERNAME, NUMYEARSOFEXPERIENCE, PAYPERHOUR)
values (32, 'Wes Lange', 9, 143);

insert into SYSTEM.WRITER (WRITERID, WRITERNAME, NUMYEARSOFEXPERIENCE, PAYPERHOUR)
values (33, 'Teri Morales', 7, 150);

insert into SYSTEM.WRITER (WRITERID, WRITERNAME, NUMYEARSOFEXPERIENCE, PAYPERHOUR)
values (34, 'Kevn Wakeling', 12, 39);

insert into SYSTEM.WRITER (WRITERID, WRITERNAME, NUMYEARSOFEXPERIENCE, PAYPERHOUR)
values (35, 'Joey Sweeney', 14, 76);

insert into SYSTEM.WRITER (WRITERID, WRITERNAME, NUMYEARSOFEXPERIENCE, PAYPERHOUR)
values (36, 'Franco Culkin', 4, 65);

insert into SYSTEM.WRITER (WRITERID, WRITERNAME, NUMYEARSOFEXPERIENCE, PAYPERHOUR)
values (37, 'John Addy', 14, 103);

insert into SYSTEM.WRITER (WRITERID, WRITERNAME, NUMYEARSOFEXPERIENCE, PAYPERHOUR)
values (38, 'Meredith Ceasar', 13, 138);

insert into SYSTEM.WRITER (WRITERID, WRITERNAME, NUMYEARSOFEXPERIENCE, PAYPERHOUR)
values (39, 'Brad Moriarty', 10, 44);

insert into SYSTEM.WRITER (WRITERID, WRITERNAME, NUMYEARSOFEXPERIENCE, PAYPERHOUR)
values (40, 'Christine Nicholson', 15, 139);

insert into SYSTEM.WRITER (WRITERID, WRITERNAME, NUMYEARSOFEXPERIENCE, PAYPERHOUR)
values (41, 'Ali Donelly', 4, 148);

insert into SYSTEM.WRITER (WRITERID, WRITERNAME, NUMYEARSOFEXPERIENCE, PAYPERHOUR)
values (42, 'Kathleen Tolkan', 9, 129);

insert into SYSTEM.WRITER (WRITERID, WRITERNAME, NUMYEARSOFEXPERIENCE, PAYPERHOUR)
values (43, 'Judi Keener', 9, 78);

insert into SYSTEM.WRITER (WRITERID, WRITERNAME, NUMYEARSOFEXPERIENCE, PAYPERHOUR)
values (44, 'Diamond Colin Young', 7, 94);

insert into SYSTEM.WRITER (WRITERID, WRITERNAME, NUMYEARSOFEXPERIENCE, PAYPERHOUR)
values (45, 'Mel Sandler', 3, 82);

insert into SYSTEM.WRITER (WRITERID, WRITERNAME, NUMYEARSOFEXPERIENCE, PAYPERHOUR)
values (46, 'Colin Bryson', 4, 57);

insert into SYSTEM.WRITER (WRITERID, WRITERNAME, NUMYEARSOFEXPERIENCE, PAYPERHOUR)
values (47, 'Devon Boone', 6, 113);

insert into SYSTEM.WRITER (WRITERID, WRITERNAME, NUMYEARSOFEXPERIENCE, PAYPERHOUR)
values (48, 'Trick Rains', 13, 79);

insert into SYSTEM.WRITER (WRITERID, WRITERNAME, NUMYEARSOFEXPERIENCE, PAYPERHOUR)
values (49, 'Mekhi Horizon', 9, 42);

insert into SYSTEM.WRITER (WRITERID, WRITERNAME, NUMYEARSOFEXPERIENCE, PAYPERHOUR)
values (50, 'Saffron Trejo', 14, 141);

insert into SYSTEM.WRITER (WRITERID, WRITERNAME, NUMYEARSOFEXPERIENCE, PAYPERHOUR)
values (51, 'Bernard Polley', 10, 123);

insert into SYSTEM.WRITER (WRITERID, WRITERNAME, NUMYEARSOFEXPERIENCE, PAYPERHOUR)
values (52, 'Brenda Griggs', 15, 45);

insert into SYSTEM.WRITER (WRITERID, WRITERNAME, NUMYEARSOFEXPERIENCE, PAYPERHOUR)
values (53, 'Fiona Phillippe', 4, 135);

insert into SYSTEM.WRITER (WRITERID, WRITERNAME, NUMYEARSOFEXPERIENCE, PAYPERHOUR)
values (54, 'Harvey Fiennes', 9, 35);

insert into SYSTEM.WRITER (WRITERID, WRITERNAME, NUMYEARSOFEXPERIENCE, PAYPERHOUR)
values (55, 'Kathleen Moriarty', 15, 105);

insert into SYSTEM.WRITER (WRITERID, WRITERNAME, NUMYEARSOFEXPERIENCE, PAYPERHOUR)
values (56, 'Marc May', 15, 106);

insert into SYSTEM.WRITER (WRITERID, WRITERNAME, NUMYEARSOFEXPERIENCE, PAYPERHOUR)
values (57, 'Laurence Hurley', 14, 67);

insert into SYSTEM.WRITER (WRITERID, WRITERNAME, NUMYEARSOFEXPERIENCE, PAYPERHOUR)
values (58, 'Charles Iglesias', 4, 38);

insert into SYSTEM.WRITER (WRITERID, WRITERNAME, NUMYEARSOFEXPERIENCE, PAYPERHOUR)
values (59, 'Kurt Levine', 8, 77);

insert into SYSTEM.WRITER (WRITERID, WRITERNAME, NUMYEARSOFEXPERIENCE, PAYPERHOUR)
values (60, 'Curt Schreiber', 12, 46);

insert into SYSTEM.WRITER (WRITERID, WRITERNAME, NUMYEARSOFEXPERIENCE, PAYPERHOUR)
values (61, 'Meredith Bloch', 14, 106);

insert into SYSTEM.WRITER (WRITERID, WRITERNAME, NUMYEARSOFEXPERIENCE, PAYPERHOUR)
values (62, 'Matthew Chestnut', 14, 110);

insert into SYSTEM.WRITER (WRITERID, WRITERNAME, NUMYEARSOFEXPERIENCE, PAYPERHOUR)
values (63, 'Gina Wilkinson', 5, 68);

insert into SYSTEM.WRITER (WRITERID, WRITERNAME, NUMYEARSOFEXPERIENCE, PAYPERHOUR)
values (64, 'Andrea Stuermer', 15, 34);

insert into SYSTEM.WRITER (WRITERID, WRITERNAME, NUMYEARSOFEXPERIENCE, PAYPERHOUR)
values (65, 'Shawn Crudup', 13, 99);

insert into SYSTEM.WRITER (WRITERID, WRITERNAME, NUMYEARSOFEXPERIENCE, PAYPERHOUR)
values (66, 'Carole Goldberg', 9, 115);

insert into SYSTEM.WRITER (WRITERID, WRITERNAME, NUMYEARSOFEXPERIENCE, PAYPERHOUR)
values (67, 'William Thornton', 5, 111);

insert into SYSTEM.WRITER (WRITERID, WRITERNAME, NUMYEARSOFEXPERIENCE, PAYPERHOUR)
values (68, 'Joanna Hersh', 6, 137);

insert into SYSTEM.WRITER (WRITERID, WRITERNAME, NUMYEARSOFEXPERIENCE, PAYPERHOUR)
values (69, 'Cuba Turner', 3, 81);

insert into SYSTEM.WRITER (WRITERID, WRITERNAME, NUMYEARSOFEXPERIENCE, PAYPERHOUR)
values (70, 'Jean-Luc Kershaw', 6, 50);

insert into SYSTEM.WRITER (WRITERID, WRITERNAME, NUMYEARSOFEXPERIENCE, PAYPERHOUR)
values (71, 'Balthazar Wheel', 3, 113);

insert into SYSTEM.WRITER (WRITERID, WRITERNAME, NUMYEARSOFEXPERIENCE, PAYPERHOUR)
values (72, 'Michelle Diesel', 10, 68);

insert into SYSTEM.WRITER (WRITERID, WRITERNAME, NUMYEARSOFEXPERIENCE, PAYPERHOUR)
values (73, 'Alicia Flanagan', 15, 135);

insert into SYSTEM.WRITER (WRITERID, WRITERNAME, NUMYEARSOFEXPERIENCE, PAYPERHOUR)
values (74, 'Laurie Tomei', 5, 37);

insert into SYSTEM.WRITER (WRITERID, WRITERNAME, NUMYEARSOFEXPERIENCE, PAYPERHOUR)
values (75, 'Irene Avalon', 8, 93);

insert into SYSTEM.WRITER (WRITERID, WRITERNAME, NUMYEARSOFEXPERIENCE, PAYPERHOUR)
values (76, 'Glen Wagner', 5, 148);

insert into SYSTEM.WRITER (WRITERID, WRITERNAME, NUMYEARSOFEXPERIENCE, PAYPERHOUR)
values (77, 'Rod Stevenson', 13, 30);

insert into SYSTEM.WRITER (WRITERID, WRITERNAME, NUMYEARSOFEXPERIENCE, PAYPERHOUR)
values (78, 'Glen Karyo', 8, 78);

insert into SYSTEM.WRITER (WRITERID, WRITERNAME, NUMYEARSOFEXPERIENCE, PAYPERHOUR)
values (79, 'Reese McElhone', 5, 50);

insert into SYSTEM.WRITER (WRITERID, WRITERNAME, NUMYEARSOFEXPERIENCE, PAYPERHOUR)
values (80, 'Juliet Clarkson', 4, 86);

insert into SYSTEM.WRITER (WRITERID, WRITERNAME, NUMYEARSOFEXPERIENCE, PAYPERHOUR)
values (81, 'Richard Watson', 6, 54);

insert into SYSTEM.WRITER (WRITERID, WRITERNAME, NUMYEARSOFEXPERIENCE, PAYPERHOUR)
values (82, 'Elle Rifkin', 6, 44);

insert into SYSTEM.WRITER (WRITERID, WRITERNAME, NUMYEARSOFEXPERIENCE, PAYPERHOUR)
values (83, 'Lila Damon', 10, 78);

insert into SYSTEM.WRITER (WRITERID, WRITERNAME, NUMYEARSOFEXPERIENCE, PAYPERHOUR)
values (84, 'Trey Burke', 15, 62);

insert into SYSTEM.WRITER (WRITERID, WRITERNAME, NUMYEARSOFEXPERIENCE, PAYPERHOUR)
values (85, 'Mindy Culkin', 7, 43);

insert into SYSTEM.WRITER (WRITERID, WRITERNAME, NUMYEARSOFEXPERIENCE, PAYPERHOUR)
values (86, 'Allison Posey', 7, 149);

insert into SYSTEM.WRITER (WRITERID, WRITERNAME, NUMYEARSOFEXPERIENCE, PAYPERHOUR)
values (87, 'Jesse Winans', 7, 115);

insert into SYSTEM.WRITER (WRITERID, WRITERNAME, NUMYEARSOFEXPERIENCE, PAYPERHOUR)
values (88, 'Chi Adams', 8, 116);

insert into SYSTEM.WRITER (WRITERID, WRITERNAME, NUMYEARSOFEXPERIENCE, PAYPERHOUR)
values (89, 'Elias Young', 14, 98);

insert into SYSTEM.WRITER (WRITERID, WRITERNAME, NUMYEARSOFEXPERIENCE, PAYPERHOUR)
values (90, 'Derrick Watley', 13, 103);

insert into SYSTEM.WRITER (WRITERID, WRITERNAME, NUMYEARSOFEXPERIENCE, PAYPERHOUR)
values (91, 'Bob Ticotin', 13, 58);

insert into SYSTEM.WRITER (WRITERID, WRITERNAME, NUMYEARSOFEXPERIENCE, PAYPERHOUR)
values (92, 'Sophie Kinney', 6, 138);

insert into SYSTEM.WRITER (WRITERID, WRITERNAME, NUMYEARSOFEXPERIENCE, PAYPERHOUR)
values (93, 'Elizabeth Spacek', 5, 93);

insert into SYSTEM.WRITER (WRITERID, WRITERNAME, NUMYEARSOFEXPERIENCE, PAYPERHOUR)
values (94, 'Cole Del Toro', 12, 66);

insert into SYSTEM.WRITER (WRITERID, WRITERNAME, NUMYEARSOFEXPERIENCE, PAYPERHOUR)
values (95, 'Russell Hayek', 10, 120);

insert into SYSTEM.WRITER (WRITERID, WRITERNAME, NUMYEARSOFEXPERIENCE, PAYPERHOUR)
values (96, 'Rosario Baranski', 11, 101);

insert into SYSTEM.WRITER (WRITERID, WRITERNAME, NUMYEARSOFEXPERIENCE, PAYPERHOUR)
values (97, 'Sissy Turner', 3, 30);

insert into SYSTEM.WRITER (WRITERID, WRITERNAME, NUMYEARSOFEXPERIENCE, PAYPERHOUR)
values (98, 'Jesse Tomei', 14, 37);

insert into SYSTEM.WRITER (WRITERID, WRITERNAME, NUMYEARSOFEXPERIENCE, PAYPERHOUR)
values (99, 'Illeana Paquin', 15, 91);

insert into SYSTEM.WRITER (WRITERID, WRITERNAME, NUMYEARSOFEXPERIENCE, PAYPERHOUR)
values (100, 'Hank Levert', 7, 58);

commit;



